{
  "execPath": "C:/Users/Joao Beleza/.platformio/packages/toolchain-xtensa32/bin/xtensa-esp32-elf-g++.exe",
  "gccDefaultCFlags": "-fsyntax-only -std=gnu99 -Wno-old-style-declaration -Os -Wall -nostdlib -Wpointer-arith -Wno-error=unused-but-set-variable -Wno-error=unused-variable -mlongcalls -ffunction-sections -fdata-sections -fstrict-volatile-bitfields -Wno-error=deprecated-declarations -Wno-error=unused-function -Wno-unused-parameter -Wno-sign-compare -fstack-protector -fexceptions -DPLATFORMIO=30601 -DARDUINO_ESP32_DEV -DESP32 -DESP_PLATFORM -DF_CPU=240000000L -DHAVE_CONFIG_H -DMBEDTLS_CONFIG_FILE=\"mbedtls/esp_config.h\" -DARDUINO=10805 -DARDUINO_ARCH_ESP32 -DARDUINO_VARIANT=\"esp32\" -DARDUINO_BOARD=\"Espressif\\ ESP32\\ Dev\\ Module\"",
  "gccDefaultCppFlags": "-fsyntax-only -fno-rtti -fno-exceptions -std=gnu++11 -Os -Wall -nostdlib -Wpointer-arith -Wno-error=unused-but-set-variable -Wno-error=unused-variable -mlongcalls -ffunction-sections -fdata-sections -fstrict-volatile-bitfields -Wno-error=deprecated-declarations -Wno-error=unused-function -Wno-unused-parameter -Wno-sign-compare -fstack-protector -fexceptions -DPLATFORMIO=30601 -DARDUINO_ESP32_DEV -DESP32 -DESP_PLATFORM -DF_CPU=240000000L -DHAVE_CONFIG_H -DMBEDTLS_CONFIG_FILE=\"mbedtls/esp_config.h\" -DARDUINO=10805 -DARDUINO_ARCH_ESP32 -DARDUINO_VARIANT=\"esp32\" -DARDUINO_BOARD=\"Espressif\\ ESP32\\ Dev\\ Module\"",
  "gccErrorLimit": 15,
  "gccIncludePaths": "C:/Users/Joao Beleza/Documents/PlatformIO/Projects/SEAI_ESP32/include,C:/Users/Joao Beleza/Documents/PlatformIO/Projects/SEAI_ESP32/src,C:/Users/Joao Beleza/.platformio/packages/framework-arduinoespressif32/tools/sdk/include/config,C:/Users/Joao Beleza/.platformio/packages/framework-arduinoespressif32/tools/sdk/include/bluedroid,C:/Users/Joao Beleza/.platformio/packages/framework-arduinoespressif32/tools/sdk/include/bluedroid/api,C:/Users/Joao Beleza/.platformio/packages/framework-arduinoespressif32/tools/sdk/include/app_trace,C:/Users/Joao Beleza/.platformio/packages/framework-arduinoespressif32/tools/sdk/include/app_update,C:/Users/Joao Beleza/.platformio/packages/framework-arduinoespressif32/tools/sdk/include/bootloader_support,C:/Users/Joao Beleza/.platformio/packages/framework-arduinoespressif32/tools/sdk/include/bt,C:/Users/Joao Beleza/.platformio/packages/framework-arduinoespressif32/tools/sdk/include/driver,C:/Users/Joao Beleza/.platformio/packages/framework-arduinoespressif32/tools/sdk/include/esp32,C:/Users/Joao Beleza/.platformio/packages/framework-arduinoespressif32/tools/sdk/include/esp_adc_cal,C:/Users/Joao Beleza/.platformio/packages/framework-arduinoespressif32/tools/sdk/include/esp_http_client,C:/Users/Joao Beleza/.platformio/packages/framework-arduinoespressif32/tools/sdk/include/esp-tls,C:/Users/Joao Beleza/.platformio/packages/framework-arduinoespressif32/tools/sdk/include/ethernet,C:/Users/Joao Beleza/.platformio/packages/framework-arduinoespressif32/tools/sdk/include/fatfs,C:/Users/Joao Beleza/.platformio/packages/framework-arduinoespressif32/tools/sdk/include/freertos,C:/Users/Joao Beleza/.platformio/packages/framework-arduinoespressif32/tools/sdk/include/heap,C:/Users/Joao Beleza/.platformio/packages/framework-arduinoespressif32/tools/sdk/include/jsmn,C:/Users/Joao Beleza/.platformio/packages/framework-arduinoespressif32/tools/sdk/include/log,C:/Users/Joao Beleza/.platformio/packages/framework-arduinoespressif32/tools/sdk/include/mdns,C:/Users/Joao Beleza/.platformio/packages/framework-arduinoespressif32/tools/sdk/include/mbedtls,C:/Users/Joao Beleza/.platformio/packages/framework-arduinoespressif32/tools/sdk/include/mbedtls_port,C:/Users/Joao Beleza/.platformio/packages/framework-arduinoespressif32/tools/sdk/include/newlib,C:/Users/Joao Beleza/.platformio/packages/framework-arduinoespressif32/tools/sdk/include/nvs_flash,C:/Users/Joao Beleza/.platformio/packages/framework-arduinoespressif32/tools/sdk/include/openssl,C:/Users/Joao Beleza/.platformio/packages/framework-arduinoespressif32/tools/sdk/include/spi_flash,C:/Users/Joao Beleza/.platformio/packages/framework-arduinoespressif32/tools/sdk/include/sdmmc,C:/Users/Joao Beleza/.platformio/packages/framework-arduinoespressif32/tools/sdk/include/smartconfig_ack,C:/Users/Joao Beleza/.platformio/packages/framework-arduinoespressif32/tools/sdk/include/spiffs,C:/Users/Joao Beleza/.platformio/packages/framework-arduinoespressif32/tools/sdk/include/tcpip_adapter,C:/Users/Joao Beleza/.platformio/packages/framework-arduinoespressif32/tools/sdk/include/ulp,C:/Users/Joao Beleza/.platformio/packages/framework-arduinoespressif32/tools/sdk/include/vfs,C:/Users/Joao Beleza/.platformio/packages/framework-arduinoespressif32/tools/sdk/include/wear_levelling,C:/Users/Joao Beleza/.platformio/packages/framework-arduinoespressif32/tools/sdk/include/xtensa-debug-module,C:/Users/Joao Beleza/.platformio/packages/framework-arduinoespressif32/tools/sdk/include/coap,C:/Users/Joao Beleza/.platformio/packages/framework-arduinoespressif32/tools/sdk/include/console,C:/Users/Joao Beleza/.platformio/packages/framework-arduinoespressif32/tools/sdk/include/expat,C:/Users/Joao Beleza/.platformio/packages/framework-arduinoespressif32/tools/sdk/include/json,C:/Users/Joao Beleza/.platformio/packages/framework-arduinoespressif32/tools/sdk/include/lwip,C:/Users/Joao Beleza/.platformio/packages/framework-arduinoespressif32/tools/sdk/include/nghttp,C:/Users/Joao Beleza/.platformio/packages/framework-arduinoespressif32/tools/sdk/include/soc,C:/Users/Joao Beleza/.platformio/packages/framework-arduinoespressif32/tools/sdk/include/wpa_supplicant,C:/Users/Joao Beleza/.platformio/packages/framework-arduinoespressif32/cores/esp32,C:/Users/Joao Beleza/.platformio/packages/framework-arduinoespressif32/variants/esp32,C:/Users/Joao Beleza/Documents/PlatformIO/Projects/SEAI_ESP32/.piolibdeps/PubSubClient_ID89/src,C:/Users/Joao Beleza/.platformio/packages/framework-arduinoespressif32/libraries/WiFi/src,C:/Users/Joao Beleza/.platformio/packages/framework-arduinoespressif32/libraries/ArduinoOTA/src,C:/Users/Joao Beleza/.platformio/packages/framework-arduinoespressif32/libraries/AsyncUDP/src,C:/Users/Joao Beleza/.platformio/packages/framework-arduinoespressif32/libraries/AzureIoT/src,C:/Users/Joao Beleza/.platformio/packages/framework-arduinoespressif32/libraries/BLE/src,C:/Users/Joao Beleza/.platformio/packages/framework-arduinoespressif32/libraries/BluetoothSerial/src,C:/Users/Joao Beleza/.platformio/packages/framework-arduinoespressif32/libraries/DNSServer/src,C:/Users/Joao Beleza/.platformio/packages/framework-arduinoespressif32/libraries/EEPROM,C:/Users/Joao Beleza/.platformio/packages/framework-arduinoespressif32/libraries/ESP32/src,C:/Users/Joao Beleza/.platformio/packages/framework-arduinoespressif32/libraries/ESPmDNS/src,C:/Users/Joao Beleza/.platformio/packages/framework-arduinoespressif32/libraries/FS/src,C:/Users/Joao Beleza/.platformio/packages/framework-arduinoespressif32/libraries/HTTPClient/src,C:/Users/Joao Beleza/.platformio/packages/framework-arduinoespressif32/libraries/NetBIOS/src,C:/Users/Joao Beleza/.platformio/packages/framework-arduinoespressif32/libraries/Preferences/src,C:/Users/Joao Beleza/.platformio/packages/framework-arduinoespressif32/libraries/SD/src,C:/Users/Joao Beleza/.platformio/packages/framework-arduinoespressif32/libraries/SD_MMC/src,C:/Users/Joao Beleza/.platformio/packages/framework-arduinoespressif32/libraries/SPI/src,C:/Users/Joao Beleza/.platformio/packages/framework-arduinoespressif32/libraries/SPIFFS/src,C:/Users/Joao Beleza/.platformio/packages/framework-arduinoespressif32/libraries/SimpleBLE/src,C:/Users/Joao Beleza/.platformio/packages/framework-arduinoespressif32/libraries/Ticker/src,C:/Users/Joao Beleza/.platformio/packages/framework-arduinoespressif32/libraries/Update/src,C:/Users/Joao Beleza/.platformio/packages/framework-arduinoespressif32/libraries/WebServer/src,C:/Users/Joao Beleza/.platformio/packages/framework-arduinoespressif32/libraries/WiFiClientSecure/src,C:/Users/Joao Beleza/.platformio/packages/framework-arduinoespressif32/libraries/Wire/src,C:/Users/Joao Beleza/.platformio/packages/toolchain-xtensa32/xtensa-esp32-elf/include,C:/Users/Joao Beleza/.platformio/packages/toolchain-xtensa32/xtensa-esp32-elf/include/c++/5.2.0,C:/Users/Joao Beleza/.platformio/packages/toolchain-xtensa32/xtensa-esp32-elf/include/c++/5.2.0/xtensa-esp32-elf,C:/Users/Joao Beleza/.platformio/packages/toolchain-xtensa32/lib/gcc/xtensa-esp32-elf/5.2.0/include,C:/Users/Joao Beleza/.platformio/packages/toolchain-xtensa32/lib/gcc/xtensa-esp32-elf/5.2.0/include-fixed,C:/Users/Joao Beleza/.platformio/packages/tool-unity",
  "gccSuppressWarnings": false
}
